id,authors,year,title,journal,doi,volume,pages
1,"Olukayode O Jegede, Olugbenga J. Owojori, Jorg. Römbke",2017,"Temperature influences the toxicity of deltamethrin, chlorpyrifos and dimethoate to the predatory mite Hypoaspis aculeifer (Acari) and the springtail Folsomia candida (Collembola)","Ecotoxicology and Environmental Safety",https://www.sciencedirect.com/science/article/pii/S0147651317301264,140,214–221
2,"Ikram Jaabiri Kamoun, Olukayode O Jegede, Olugbenga J Owojori, Jalel Bouzid, Radhia Gargouri, Jorg Römbke",2018,"Effects of deltamethrin, dimethoate and chlorpyrifos on survival and reproduction of the Collembolan, Folsomia candida and the predatory mite, Hypoaspis aculeifer in two African and two European soils","Integrated Environmental Assessment and Management",https://setac.onlinelibrary.wiley.com/doi/full/10.1002/ieam.1966,9999,1–13
3,"Olugbenga J. Owojori, Ademosu T. Oluwadamilare, Olukayode O. Jegede, Hamzat O. Fajana, Temitope O. Kehinde, Mosadoluwa A. Badejo",2018,"Tropical oribatid mites in soil toxicity testing: Optimization of test protocol and the effect of two model chemicals (Cadmium and dimethoate) on Muliercula inexpectata",Chemosphere,https://www.sciencedirect.com/science/article/pii/S004565351832280X,218,948-954
4,"Olukayode O. Jegede, Beverley A. Hale, Steven D. Siciliano",2019,Multigenerational exposure of populations of Oppia nitens to zinc under pulse and continuous exposure scenarios,"Environmental Toxicology and Chemistry",https://setac.onlinelibrary.wiley.com/doi/full/10.1002/etc.4369,38,896–904
5,"Jegede Olukayode, Awuah Kobby, Fajana Hamzat, Owojori Olugbenga, Hale Beverley, Siciliano Steven",2019,"The forgotten role of toxicodynamics: how habitat quality alters the mite, Oppia nitens susceptibility to zinc, independent of toxicokinetics",Chemosphere,https://www.sciencedirect.com/science/article/pii/S004565351930743X,227,444-454
6,"Kobby Fred Awuah, Olukayode Jegede, Mark Cousins, Mathieu Renaud, Beverley Hale and Steven D. Siciliano",2019,Toxicity assessment of metal mixtures to soil enzymes is influenced by metal dosing method,Chemosphere,https://www.sciencedirect.com/science/article/pii/S0045653519311348,232,336-376
7,"Hamzat O. Fajana, Amy Gainer, Olukayode O. Jegede, Kobby F. Awuah, Juliska I. Princz, Olugbenga J. Owojori, Steven D. Siciliano",2019,"Oppia nitens C.L. Koch, 1836 (Acari: Oribatida): Current Status of its Bionomics and Relevance as a Model Invertebrate in Soil Ecotoxicology","Environmental Toxicology and Chemistry",https://setac.onlinelibrary.wiley.com/doi/abs/10.1002/etc.4574,,
8,"Hamzat Fajana, Olukayode Jegede, Kyle James, Natasha Hogan, Steven Siciliano",2020,"Uptake, toxicity and maternal transfer of cadmium in the oribatid mite, Oppia nitens: Implications in the risk assessment of cadmium to soil invertebrates","Environmental Pollution",https://doi.org/10.1016/j.envpol.2020.113912,,113912
9,"Olukayode O. Jegede, Kobby F. Awuah, Mathieu Renaud, Mark Cousins, Beverley A. Hale, Steven D. Siciliano",2020,Single metal and metal mixture toxicity of five metals to Oppia nitens in five different Canadian soils,"Journal of Hazardous Materials",https://doi.org/10.1016/j.jhazmat.2020.122341,392,122341
10,"Mathieu Renaud, Mark Cousins, Kobby F Awuah, Olukayode Jegede, Beverley Hale, José P Sousa, Steven D Siciliano",2020,"Evaluating Three Dosing Methods for Fixed-Ratio Metal Mixture Toxicity to Folsomia candida, Enchytraeus crypticus and Oppia nitens","PLoS ONE",https://doi.org/10.1371/journal.pone.0229794,15,e0229794
11,"Awuah Kobby F, Jegede Olukayode, Hale Beverley, Siciliano Steven",2020,Introducing the adverse ecosystem service pathway (AESP) as a tool in ecological risk assessment,"Environmental Science and Technology",https://doi.org/10.1021/acs.est.9b06851,,
12,"Mathieu Renaud, Mark Cousins, Kobby F Awuah, Olukayode Jegede, José P Sousa, Steven D Siciliano",2020,The effects of complex metal oxide mixtures on three soil invertebrates with contrasting biological traits,"Science of the Total Environment",https://doi.org/10.1016/j.scitotenv.2020.139921,738,139921
13,"Olugbenga Owojori, Michael Awodiran, Oluwadunsin Ajana, Olukayode Jegede",2022,"Toxicity and accumulation of lead and cadmium In the land snail, Archachatina papyracea in a tropical Alfisol from Southwestern Nigeria","Environmental Science and Pollution Research",,,1-11
14,"Awuah Kobby, Jegede Olukayode, Mathieu Renaud, Mark Cousins, Beverley A. Hale, Steven D. Siciliano",2022,Response addition (RA) is more protective of biogeochemical cycles of carbon and phosphorus compared to concentration addition (CA) in metal mixtures,"Environmental Pollution",https://doi.org/10.1016/j.envpol.2022.119935,311,119935
15,"Hamzat O. Fajana, Tara Rozka, Olukayode Jegede, Katherine Stewart, Steven D. Siciliano",2022,More than just a substrate for mites: Moss-dominated biological soil crust protected population of the oribatid mite; Oppia nitens against cadmium toxicity in soil,Science of Total Environment,https://doi.org/10.1016/j.scitotenv.2022.159553,857,159553
16,"Olukayode O. Jegede, Katherine M. Standen, Steven Siciliano, Eric G. Lamb, Katherine J. Stewart",2023,"Rocks, lichens, and woody litter influenced the soil invertebrate density in upland tundra heath","PLoS ONE",https://doi.org/10.1371/journal.pone.0282068,,
17,"Olukayode Jegede, Hamzat Fajana, Keyhan Najafian, Jin Lingling, Ian Stavness, Steven Siciliano",2023,Integument colour change: Tracking delayed growth of Oppia nitens as a sub-lethal indicator of soil toxicity,"Environmental Pollution",https://doi.org/10.1016/j.envpol.2023.122772,339,122772
18,"Paula S. Tourinho, Zuzana Bílková, Petr Kukučka, Olukayode Jegede, Jakub Hofman",2025,Effects of realistic current-use pesticide mixtures on the springtail Folsomia candida,"Environmental Toxicology and Chemistry",https://doi.org/10.1093/etojnl/vgaf057,44,1347-1356
19,"Olukayode Jegede, Paula S. Tourinho, Violette Geissen, Jakub Hofman",2025,Prioritization of currently used pesticides in soils of main European crop scenarios for assessment of mixture toxicity and risk on terrestrial biota,"Journal of Hazardous Materials",https://doi.org/10.1016/j.jhazmat.2025.138942,,138942
20,"Paula S. Tourinho; Zuzana Hochmanová; Petr Kukučka; Martina Hronová; Marek Šudoma; Shiva Sabzevari; Francisco Alcon; Josefina Contreras; Nelson Abrantes; Isabel Campos; Isabelle Baldi; Mathilde Bureau; Abdallah Alaoui; Florian Christ; Daniele Mandrioli; Daria Sgargi; Igor Pasković; Marija Polić Pasković; Matjaž Glavan; Paula Harkes; Esperanza Huerta Lwanga; Trine Norgaard; Vivi Schlünssen; Olukayode O. Jegede; Peter Fantke; Violette Geissen; Hans Mol; Coen J. Ritsema; Vera Silva; Paul Scheepers",2025,Occurrence of pesticide residues in harvested products of various crops from European conventional and organic farming systems,"Journal of Hazardous Materials",https://doi.org/10.1016/j.jhazmat.2025.139113,495,139113
21,"Hamzat O. Fajana, Ademola A. Adedokun, Philip A. Abiolu, Olukayode O. Jegede, Eric G. Lamb, Steven D. Siciliano",2025,Employing the Eco-Indicator sensitivity distribution (EcoSD) to evaluate the ecological risk of chlorpyrifos on grassland soil with a history of pyric herbivory,"Environmental Toxicology and Chemistry",https://doi.org/10.1093/etojnl/vgaf244,,
